URL,Course Name,Course Code,Vendor,Certification,Duration,Delivery Mode,Target Audience,Key Features,Prerequisites,Course Highlights,USPs,Price Info,Page Title,Meta Description,Primary CTA,Secondary CTA,Credibility Markers,Last Updated,Course topics covered
https://www.koenig-solutions.com/microsoft-power-bi-certification-training-course,PL-300T00: Design and Manage Analytics Solutions Using Power BI,PL-300T00,Microsoft,PL-300 / Exam 70-778 (Power BI Data Analyst),24 hours,Online live instructor-led / Classroom / Self-paced (Flexi),Data analysts looking to master Power BI; Business intelligence professionals creating reports and dashboards; IT professionals seeking Power BI data modelling and analytics skills,"Hands-on labs and real-world scenarios; Data shaping, cleansing and transformation; Design and optimise data models for Power BI; DAX calculations and advanced analytics; Implementation of row-level security (RLS); Multiple delivery options: Live online, Classroom, 1-on-1, Flexi; Course materials and downloadable course contents",,"Connect to and ingest data from a variety of sources; Shape, clean and transform data for analysis; Design and manage robust data models; Create interactive reports and dashboards in Power BI; Author DAX calculations for analytics and KPIs; Apply advanced analytics techniques in Power BI; Implement row-level security to protect data",Guaranteed-to-Run (GTR) classes; Happiness Guaranteed policy; Multiple learning options including 1-on-1 and Flexi self-paced; Microsoft Training Services Partner of the Year 2025 (provider award),"Public (live online): €1,550 (EUR) per participant (excluding VAT/GST). One-on-one: €2,050 (EUR). Classroom: Fee on request. Flexi/self‑paced: contact for pricing.",PL-300T00: Microsoft Power BI Data Analyst Training,"Master 70-778 certification with our Advanced Power BI Course at Koenig Solutions. Gain skills, earn credentials, and advance your career with expert IT training.",Request a Quote,Enroll Now,"Microsoft Training Services Partner of the Year 2025; Successfully delivered 987 sessions; Trained 36,222+ professionals; 5.0 rating shown on page",2025-11-04,Connecting to data sources; Shaping and transforming data; Designing and optimising data models; Building interactive reports and dashboards; DAX calculations and expressions; Advanced analytics in Power BI; Row-level security (RLS) and data protection
https://www.koenig-solutions.com/microsoft-azure-administrator-training,AZ-104T00-A: Microsoft Azure Administrator,AZ-104T00-A,Microsoft,Microsoft Certified: Azure Administrator Associate,32 hours,Online live / Classroom / Self-paced eLearning,IT professionals aiming to manage Microsoft Azure environments; System or cloud administrators responsible for Azure infrastructure; Candidates preparing for the AZ-104 Azure Administrator certification,"Hands-on labs and practical exercises; Live online, classroom and self-paced (Flexi) delivery options; Guaranteed-to-run (GTR) public classes; Option for 1-on-1 instructor-led training; Downloadable course contents (PDF); Happiness Guarantee",,"Prepare for the AZ-104 Azure Administrator exam; Manage Azure identities and governance; Implement and manage storage solutions; Deploy and manage Azure compute resources (VMs, containers); Configure and manage virtual networking and connectivity; Monitor, backup and troubleshoot Azure resources","Koenig Solutions — 30+ years of training leadership (since 1993); Successfully delivered 1,301 sessions for over 41,852 professionals; Happiness Guarantee for learners; Flexible language delivery options (Polish and Spanish available); Global training network with multiple international offices; Guaranteed-to-run classes and multiple learning formats (1-on-1, public, flexi)","Public (Live): EUR 1,950 (excluding VAT/GST). One-on-One: EUR 2,550. Classroom: Fee on request. Flexi (self-paced) pricing varies. Optional exam voucher available (exam fee shown as EUR 150 where applicable).",AZ-104T00-A: Microsoft Azure Administrator Training,Advance your IT skills with Koenig Solutions' 104 Azure and AZ-102 certification courses. Achieve career growth with expert training and globally recognized credentials.,Request a Quote,Enroll Now,"Established training provider since 1993; Delivered 1,301 sessions for 41,852 professionals; Google rating displayed as 5.0 on page; Global presence — offices in India, USA, UK, Australia, UAE, Canada",2025-11-11,"Manage Azure identities and governance (Azure AD, RBAC, subscriptions); Implement and manage storage accounts and data services; Deploy and manage virtual machines and compute resources; Configure and manage virtual networks and network security; Implement and manage Azure Kubernetes Service and containers; Monitor, troubleshoot and optimize Azure solutions; Backup, disaster recovery and high availability in Azure; Implement security solutions and governance in Azure"
https://www.koenig-solutions.com/ai-102-exam-prep-training-course,AI-102T00: Develop AI Solutions in Azure,AI-102,Microsoft,,5 days (40 hours),Live Online / Classroom / Self-paced (Flexi) / 1-on-1,Software developers who build AI‑infused applications on Azure; Azure AI engineers and developers preparing for AI-102; Machine learning engineers deploying models to Azure; Cloud solutions architects implementing AI solutions; Developers building conversational AI and virtual assistants,"Hands-on labs and extensive practical exercises on Azure AI services; Official curriculum aligned to the Microsoft AI-102 exam; Blended delivery: instructor-led training plus Microsoft Learn materials; Multiple learning modes: public classes, 1-on-1, classroom and self‑paced Flexi; Access to Microsoft documentation during exam (per exam rules); Guaranteed-to-run classes (where indicated) and language options",,"Design, build and deploy AI solutions using Azure AI services; Implement computer vision solutions using Azure AI services; Develop natural language processing solutions and conversational AI; Perform knowledge mining and document intelligence; Work with generative AI and emerging agentic AI solution patterns; Prepare specifically for the Microsoft AI-102 certification exam","Koenig's Happiness Guarantee; Award: 2025 Microsoft Training Services Partner of the Year; Proven delivery: 398 sessions delivered to over 17,463 professionals; Flexible learning options including 1-on-1 and Flexi self‑paced; Options to request classroom training in any city/date","Public (live online): EUR 2,250 (excluding VAT/GST). 1-on-1 option: EUR 2,950 (excluding VAT/GST). Classroom fee: on request. Contact provider for group, flexi and local pricing and taxes.",AI-102T00: Designing and Implementing a Microsoft Azure AI Solution Training,"Master Azure AI with AI-102T00: Build and deploy AI solutions using Azure services, prepare for certification, and boost your career in high-demand AI roles.",Request a Quote,Enroll Now,"Winner: 2025 Microsoft Training Services Partner of the Year; Trained 17,463+ professionals (398 sessions delivered); 5.0 rating (Google); Established training provider since 1997; Happiness Guaranteed",2025-11-14,"Planning and managing Azure AI solutions; Implementing computer vision solutions; Natural language processing solutions; Knowledge mining and document intelligence; Generative AI solutions; Agentic AI solutions; Exam structure, preparation and retake policy"
https://www.koenig-solutions.com/microsoft-azure-fundamentals-training,AZ-900T00-A: Introduction to Microsoft Azure,AZ-900,Microsoft,Microsoft Certified: Azure Fundamentals,8 hours,Online live / Classroom / Self-paced eLearning (Flexi) / 1-on-1,Technology professionals who want to demonstrate foundational cloud knowledge; IT professionals beginning their journey with Microsoft Azure; Candidates preparing for the AZ-900 Microsoft Azure Fundamentals exam,"Official Microsoft Azure fundamentals curriculum aligned to AZ-900; Live instructor-led classes (public and 1-on-1) and self-paced Flexi option; Hands-on labs and practical demos; Available in French, German and Spanish; Guaranteed-to-run classes; Happiness Guarantee",No formal prerequisites; basic understanding of IT/cloud concepts recommended,"Understand core cloud concepts (IaaS, PaaS, SaaS) and deployment models; Describe core Azure services: compute, storage, networking and containers; Explain security, identity and compliance features in Azure (Entra ID, RBAC, Key Vault); Use Azure management tools including Portal, CLI, PowerShell and ARM templates; Understand Azure governance, cost management and billing; Prepare for and gain readiness for the AZ-900 exam","Winner: Microsoft Training Services Partner of the Year 2025; Happiness Guarantee policy; Guaranteed-to-run public classes; Flexible delivery: Live online, classroom, 1-on-1 and self-paced Flexi",Public (Live Online): EUR 650 (excluding VAT/GST). 1-on-1: EUR 850. Classroom: Fee on request. Flexi (self-paced): price available on Flexi page or on request.,AZ-900T00: Microsoft Azure Fundamentals Training,"Discover AZ-900 Microsoft Azure Fundamentals: Build essential cloud skills, master core services, and launch your IT career with expert-led training and certification prep.",Request a Quote,Enroll Now,"Winner - Microsoft Training Services Partner of the Year 2025; Koenig Solutions aggregate rating 4.7/5 (500 reviews) (site schema); Displayed Google rating 5.0; Delivered 1,051 sessions for over 42,203 professionals; Global offices in India, USA, UK, Australia, UAE and Canada",2025-11-07,"Cloud concepts: IaaS, PaaS, SaaS and deployment models (public, private, hybrid); Azure compute services: Virtual Machines, Virtual Machine Scale Sets, availability sets, Azure Virtual Desktop; Azure App Service and Azure Functions (serverless); Container services including Azure Container Instances; Storage solutions: Blob, File, Queue and Table storage; Networking: Virtual networks, subnets, peering, Azure DNS, VPN Gateway, ExpressRoute; Load balancers, Application Gateway, CDN and network security groups; Identity and security: Microsoft Entra ID, Entra Domain Services, SSO, MFA, passwordless authentication; Security tools: Azure Security Center and Azure Sentinel; Secrets management with Azure Key Vault and Role-Based Access Control (RBAC); Azure management: Portal, CLI and PowerShell; Infrastructure as Code: Azure Resource Manager templates; Governance: Azure Policy, compliance and cost management/billing; Exam preparation topics and weighting for AZ-900"
https://www.koenig-solutions.com/itil-foundation-certification-training-course,ITIL® 4 Foundation,,PeopleCert,ITIL® 4 Foundation,16 hours,Online live / Classroom / 1-on-1,"IT professionals seeking foundational ITSM knowledge; Service Desk Analysts and IT Support Specialists; System Administrators and Junior Business Analysts; IT Service Managers and Business Relationship Managers; Digital transformation consultants and DevOps engineers; Senior IT leaders (IT Operations Manager, IT Director, CTO); Professionals preparing for ITIL 4 certification exam","Official ITIL 4 Foundation curriculum aligned to PeopleCert/Axelos exam; Include exam voucher (optional depending on offering); Guaranteed-to-Run (GTR) public classes; Live instructor-led training (online & classroom) and 1-on-1 option; Koenig Learning Stack (e-coursebook, labs, flexible delivery options); Available in multiple languages; Hands-on labs and practical, scenario-based learning",,"Understand Service Management fundamentals and how IT creates value; Learn the seven Guiding Principles of ITIL 4 and apply them; Explore the Four Dimensions of Service Management; Understand the Service Value System and Service Value Chain; Learn key ITIL 4 practices including change control, incident and problem management; Apply continual improvement and integrate ITIL with Agile, Lean and DevOps principles; Prepare for the ITIL 4 Foundation certification exam","Koenig Solutions' Happiness Guaranteed policy; Guaranteed-to-Run public classes; Flexible delivery: live-online, classroom, 1-on-1 and Fly‑Me‑A‑Trainer; Koenig Learning Stack bundling e-coursebook, labs and exam options; Global training provider since 1993 with multiple international offices","Public (online) price: EUR 1,150 (excluding VAT/GST). 1-on-1 price: EUR 1,500. Classroom fee: on request. View fees breakdown on page.",ITIL® 4 Foundation Training,Enhance your career with Koenig Solutions' Axelos ITIL 4 Certification and ITIL 4 Foundation courses. Gain expert IT service management skills today!,Request a Quote,Enroll Now,"Koenig Solutions established 1993; Trained 3,040+ professionals (583 sessions delivered); Aggregate rating 4.7/5 from 500 reviews (schema); PeopleCert / Axelos training (official vendor offering); Happiness Guaranteed",2025-10-30,"Service Management fundamentals and value co-creation; Seven Guiding Principles of ITIL 4; Four Dimensions of Service Management; Service Value System (SVS) and Service Value Chain; Key ITIL 4 practices (including change control, incident management, problem management); Continual Improvement model and techniques; Applying ITIL with Agile, Lean and high-velocity IT/DevOps principles; Overview of roles and career pathways enabled by ITIL 4"
https://www.koenig-solutions.com/create-extend-custom-copilots-microsoft-copilot-studio,PL-7008: Create and Extend Custom Copilots in Microsoft Copilot Studio,PL-7008,Microsoft,PL-7008 (Microsoft Copilot Studio) - Microsoft Applied Skills,8 hours,Online live instructor-led / Classroom / Self-paced (Flexi) / 1-on-1,Developers and AI engineers building Microsoft Copilot agents; Microsoft 365 / Power Platform administrators and integrators; Solution architects and automation specialists; IT professionals preparing for the PL-7008 certification,"Hands-on labs and practical, real-world scenarios; Create, configure and publish copilots using Microsoft Copilot Studio; Integration with enterprise knowledge sources (SharePoint, OneDrive, Dataverse) and external APIs; Extend copilots using Power Automate and custom connectors; Flexible learning options: live online, classroom, self-paced (Flexi), and 1-on-1; Official curriculum aligned with the PL-7008 certification; Expert-led training from a Microsoft learning partner with downloadable course contents",Basic familiarity with Microsoft 365 or Power Platform; Understanding of APIs and enterprise data sources; General knowledge of conversational AI concepts recommended,Create and publish custom agents using Copilot Studio; Integrate enterprise data sources and optimize knowledge retrieval; Design conversation flows with topic modelling and intent recognition; Extend copilots via Power Automate and custom connectors; Deploy copilots (publish to demo websites / Teams) and validate enterprise scenarios; Preparation for the PL-7008 certification objectives,"Koenig Solutions – Microsoft Gold Learning Partner; Winner: 2025 Microsoft Training Services Partner of the Year; Happiness Guaranteed policy; Flexible delivery (guaranteed-to-run public classes, 1-on-1 and Flexi self-paced); Proven track record: delivered 52 sessions to 1,634+ professionals",Public (live online): EUR 650; One-on-One: EUR 850; Classroom: Price on request. Prices exclude VAT/GST.,PL-7008: Create and extend custom copilots in Microsoft Copilot Studio Training,Enroll in Koenig Solutions' PL-7008 training to create and extend custom copilots in Microsoft Copilot Studio. Master advanced features and ace the PL-7008 exam!,Request a Quote,Enroll Now,"Microsoft Gold Learning Partner; Winner: 2025 Microsoft Training Services Partner of the Year; Rated 4.7 (500 reviews) — Koenig Solutions aggregate rating in site metadata; Trained 1,634+ professionals across 52 sessions; Happiness Guaranteed",2025-11-04,"Introduction to Microsoft Copilot Studio and agent concepts; Agent initialization, configuration and publishing; Knowledge source integration (SharePoint, OneDrive, Dataverse); External API integration and knowledge base optimization; Conversation flow architecture and topic modelling; Intent recognition and response optimization; Power Automate integration for workflows and automation; Custom connector development and Microsoft 365 Copilot extensions; Publishing agents (demo website/Teams) and practical deployment tasks; Exam-aligned preparation for PL-7008"
https://www.koenig-solutions.com/pmp-certification-training,Project Management Professional (PMP®) Certification Training,PMP,PMI,Project Management Professional (PMP®),40 hours,Online live / Classroom / 1-on-1,Project managers seeking PMP certification; Experienced project professionals and team leads; Project coordinators preparing for the PMP exam,PMI Authorized Training Partner curriculum; Live online and classroom delivery options; 1-on-1 and corporate customised training available; Guaranteed-to-Run public batches; Downloadable official course contents (PDF); Global training centres and worldwide accessibility; Happiness Guarantee,,"Prepare for the PMP certification exam aligned to PMI standards; Understand and apply project management lifecycle and PMBOK practices; Lead project teams, processes and priorities from initiation to closure; Apply both traditional and agile project management approaches; Develop communication, coordination and leadership skills for projects; Learn change management and project portfolio management fundamentals","PMI Authorized Training Partner; Global presence with centres in Dubai, London, New Delhi, New York, Sydney and more; Happiness Guaranteed policy; Flexible learning options (live online, classroom, 1-on-1, corporate); Guaranteed-to-Run classes and extensive training portfolio","Public: EUR 1,700 (course fee, excluding exam). 1-on-1: EUR 2,210 (course fee, excluding exam). Classroom: Fee on request. Exam voucher optional (~EUR 500). Contact Koenig for full fee breakdown and local taxes.",Project Management Professional (PMP®) Certification Training,Master project management with our 35-hour project management course. Gain essential skills fast with 35 hours of intensive training at Koenig Solutions. Enroll now!,Request a Quote,Enroll Now,"PMI Authorized Training Partner; Google rating 5.0; Successfully delivered 486 sessions for over 1,037 professionals; Aggregate rating 4.7/5 (500 ratings) per site schema; Happiness Guaranteed",2025-11-13,"Project initiation, planning, execution, monitoring and closure; PMBOK principles and best practices; Scope, schedule and cost management; Quality, risk, procurement and stakeholder management; Communication, coordination and leadership skills; Change management for project managers; Project Portfolio Management; Traditional and agile project management approaches"
https://www.koenig-solutions.com/microsoft-azure-infrastructure-az305-training,AZ-305T00: Designing Microsoft Azure Infrastructure Solutions,AZ-305T00,Microsoft,Microsoft Certified: Azure Solutions Architect Expert,32 hours,Online live instructor-led / Classroom / Self-paced (Flexi) / 1-on-1,"IT professionals aiming to design Azure infrastructure solutions; Aspiring Azure Solutions Architects; Azure administrators (e.g., AZ-104 certified) seeking architect-level skills; Cloud architects and solution designers responsible for enterprise Azure deployments","Officially-aligned curriculum mapped to AZ-305 exam objectives; Hands-on labs and real-world case studies; Flexible delivery: live online, classroom, 1-on-1 and self-paced (Flexi); Expert-led training from experienced instructors; Preparation resources and practice environments for certification",Azure Administrator Associate (AZ-104) certification recommended / completion; Practical experience with Azure administration and cloud solutions,"Design identity, governance and monitoring solutions in Azure; Design relational and non-relational data storage solutions; Design business continuity and disaster recovery solutions; Design compute and infrastructure (networking, hybrid, migrations) solutions; Design authentication and authorization for applications; Apply concepts in practical labs and real-world case studies; Prepare for the AZ-305 exam and Azure Solutions Architect Expert certification","Koenig Solutions — three decades of IT training experience; Winner: Microsoft Training Services Partner of the Year (2025); Happiness Guaranteed policy; Guaranteed-to-run classes and multiple delivery options; Trained 8,036+ professionals and delivered 334 sessions (site claims); Global presence with offices and support internationally","Public (live online): EUR 1,950 (excluding VAT/GST). 1-on-1 option: EUR 2,550. Classroom: fee on request. Flexi (self-paced) option available. (Price shown on page; taxes excluded.)",AZ-305T00: Designing Microsoft Azure Infrastructure Solutions Training,Master Azure solutions and boost your career with Koenig Solutions. Join our expert-led AZ-300 Microsoft Azure training for in-depth knowledge and certification success.,Request a Quote,Enroll Now,"Winner of 2025 Microsoft Training Services Partner of the Year; Aggregate rating 4.7 (500 reviews) — site schema; Trained 8,036 professionals (site claim); Delivered 334 sessions (site claim); Global offices and support (India, USA, UK, Australia, UAE, Canada listed)",2025-11-12,"Design identity, governance and monitoring solutions; Design data storage solutions (relational and non-relational); Design business continuity and disaster recovery; Design compute and infrastructure solutions (VMs, compute scale, containers); Networking and hybrid connectivity design; Authentication and authorization design for applications; Data integration and application architecture; Monitoring, governance and cost management; Migration planning and strategies"
https://www.koenig-solutions.com/developing-solutions-microsoft-azure-training,AZ-204T00: Developing Solutions for Microsoft Azure,AZ-204T00,Microsoft,Microsoft Certified: Azure Developer Associate,40 hours,Live Online / Classroom / Self-paced (Flexi) / 1-on-1,"Cloud developers preparing for the AZ-204 exam; Software developers building production-ready Azure solutions; Enterprise developers responsible for design, deployment and maintenance of Azure apps; Developers seeking hands-on experience with serverless, containers and Azure storage","Expert-led instruction by Microsoft certified trainers; Hands-on labs with production-equivalent Azure subscriptions; Scenario-based learning and project assessments; Practice examinations and continuous assessment; Flexible delivery: live online, classroom, flexi self-paced and 1-on-1; Corporate and customised on-site training options",Foundation building with Azure fundamentals and SDK familiarity; Basic development experience and familiarity with programming SDKs; Understanding of cloud concepts (recommended AZ-900 level knowledge),"Develop, deploy and maintain Azure solutions across the application lifecycle; Implement Azure compute solutions including serverless (Azure Functions) and container-based deployments; Design and integrate advanced storage and database solutions (Blob, Cosmos DB, Azure SQL, Redis); Secure applications and manage identities using managed identities and best practices; Implement monitoring, performance tuning, diagnostics and troubleshooting for Azure apps; Prepare strategically for success on the AZ-204 exam with practice tests and case studies","Koenig Learning Stack with hands-on, production-equivalent labs; 22-year Microsoft partnership with Gold Partner recognition (2014); ESI-enabled Training Services Partner (Enterprise Skills Initiative) — accepts TSPv; Global delivery options including guaranteed-to-run public classes and on-site corporate training; Happiness Guarantee policy","Public / Live Online: EUR 2,250 (excl. VAT/GST). 1-on-1 option: EUR 2,950. Classroom: Fee on request. Flexi (self-paced) pricing available. Exam voucher optional; taxes/fees may apply.",AZ-204T00: Developing Solutions for Microsoft Azure Training,"Prepare for AZ-204 Microsoft Azure Developer certification with Koenig Solutions' expert training, hands-on labs, and strategies for high-paying cloud careers",Request a Quote,Enroll Now,"Microsoft Learning partner (22 years); Microsoft Gold Partner (2014); ESI enabled Training Services Partner (Enterprise Skills Initiative); Winner: 2025 Microsoft Training Services Partner of the Year (site popup); Trained 16,022+ professionals; delivered 452 sessions; Aggregate rating 4.7/5 (500 reviews) shown in structured data",2025-08-24,"Developing Azure compute solutions (App Services, Azure Functions); Serverless architecture patterns and implementation; Container deployment and orchestration (Docker, Azure Container Registry, AKS, ACI); Container security and managed identities; Blob Storage management and lifecycle policies; Cosmos DB multi-region replication and consistency models; Azure SQL Database elastic pools and performance optimization; Caching with Azure Redis Cache; Application security, authentication and authorization; CI/CD and deployment strategies for Azure applications; Monitoring, logging, diagnostics, performance tuning and troubleshooting; Scenario-based case studies and exam-style practice questions"
https://www.koenig-solutions.com/ms-azure-ai-fundamentals-training,AI-900T00: Microsoft Azure AI Fundamentals Training,AI-900,Microsoft,Microsoft Certified: Azure AI Fundamentals (AI-900),8 Hours,Online live / Classroom / Self-paced (Flexi),Candidates with technical or non-technical backgrounds; Professionals starting with AI and cloud fundamentals; Business professionals and decision makers wanting AI awareness; Learners preparing for the AI-900 (Azure AI Fundamentals) exam,"Official curriculum aligned with AI-900 exam and Microsoft Azure services; Live online instructor-led classes and classroom option (on request); Self-paced Flexi video learning available; Hands-on labs and practical exercises; Extended lab access, class recordings, assessments and revision sessions; Available in multiple languages (French, German, Japanese, Spanish); Guaranteed-to-Run classes",No prior data science or software engineering experience required; Suitable for both technical and non-technical learners,"Understand fundamental AI concepts and terminology; Identify Azure services used to build AI solutions; Learn core capabilities in computer vision, natural language processing and conversational AI; Understand responsible AI principles and considerations; Prepare for and gain confidence to attempt the AI-900 Azure AI Fundamentals exam","Training delivered by Koenig Solutions with global delivery capability; Extended lab access, class recordings, assessments and revision sessions; Happiness Guaranteed policy; Courses available in multiple languages on request; Guaranteed-to-Run classes and flexible learning options (1-on-1, public, Flexi)",Public (live online): EUR 650; 1-on-1: EUR 850; Classroom: Price on request; Exam voucher optional. Contact Koenig for discounts and corporate pricing.,AI-900T00: Microsoft Azure AI Fundamentals Training,Master AI 900 and AI 900 Azure certifications with Koenig Solutions' expert-led IT training. Enroll now to advance your career in AI technologies and cloud computing.,Request a Quote,Enroll Now,"Koenig Solutions — global training provider; Successfully delivered 239 sessions for over 11,318 professionals; Google rating shown as 5.0 (site aggregate rating references 4.7); Winner: 2025 Microsoft Training Services Partner of the Year (site popup); Happiness Guaranteed policy",2025-11-06,Fundamental AI concepts and terminology; Overview of Azure AI services used to build solutions; Computer vision capabilities and use cases; Natural language processing (NLP) fundamentals; Conversational AI and bot services; Responsible AI principles and considerations; How Azure supports AI workloads and solution design; Preparation guidance for the AI-900 exam
https://www.koenig-solutions.com/az-400-devops-solutions-training,AZ-400T00-A: Designing and Implementing Microsoft DevOps Solutions,AZ-400,Microsoft,Microsoft Azure DevOps Engineer Expert (AZ-400),32 hours,Live Online / Classroom / Self-paced (Flexi) / 1-on-1,"Developers and infrastructure administrators; Aspiring DevOps engineers preparing for AZ-400; IT professionals responsible for CI/CD, automation and DevOps practices; Professionals seeking Microsoft Azure DevOps Engineer Expert certification","Hands-on labs and real-world scenarios; Expert-led instruction; Official Microsoft-aligned curriculum mapped to AZ-400; Flexible delivery options: live online, classroom, 1-on-1, self-paced (Flexi); Post-training support and guidance",,"Design and implement processes and communications for DevOps; Design and implement a source control strategy; Design and implement build and release pipelines; Develop a security and compliance plan for DevOps solutions; Implement an instrumentation and monitoring strategy; Enable continuous integration, testing, delivery, deployment and feedback","Koenig Solutions training since 1993 (three decades of experience); Authorized training partner for Microsoft (and partners including Google, Oracle, Cisco, Red Hat, VMware, EC-Council, Adobe); Hands-on in-house labs and real-world practice; Happiness Guarantee; Global presence (students from 60+ countries) and guaranteed-to-run classes; Proven delivery: 498 sessions delivered for over 13,573 professionals","Public (live online): EUR 1,950; 1-on-1: EUR 2,550; Optional exam voucher: EUR 150; Classroom: Fee on request",AZ-400T00-A: Designing and Implementing Microsoft DevOps solutions Training,Master AZ-400 Microsoft DevOps certification with Koenig Solutions' expert training – hands-on courses for professionals,Request a Quote,Enroll Now,"Authorized training partner for Microsoft; Established since 1993; Successfully delivered 498 sessions for over 13,573 professionals; Google rating displayed (5.0); Happiness Guarantee",2025-11-12,"Design and implement processes and communications; Design and implement a source control strategy; Design and implement build and release pipelines; Develop a security and compliance plan; Implement an instrumentation and monitoring strategy; Continuous integration, testing, delivery, deployment and feedback; Azure DevOps services: pipelines, repos and related tooling"
https://www.koenig-solutions.com/cissp-certification-training-course,Certified Information Systems Security Professional (CISSP),,ISC2,Certified Information Systems Security Professional (CISSP),40 Hours,Live Online / Classroom / 1-on-1,Cybersecurity professionals seeking leadership roles; Mid and senior-level information security professionals; IT professionals preparing for the CISSP certification,"Instructor-led live training boot camp; Flexible delivery: Live online, classroom and 1-on-1; Guaranteed-to-Run (GTR) public classes; Koenig Learning Stack inclusions (vendor materials/labs where applicable); Happiness Guaranteed policy","Minimum five years cumulative full-time experience in two or more CISSP domains (ISC2 requirement); Part-time experience may be converted to full-time equivalent per ISC2 rules (e.g., 1040 hours = 6 months)","Comprehensive coverage of the CISSP body of knowledge; Bridge technical implementation and executive-level security management; Preparation for the CISSP certification exam and its eight domains; Practical, enterprise-level security best practices and real-world scenarios","Koenig Learning Stack offerings tailored for the course; Happiness Guaranteed policy; Guaranteed-to-Run public classes; Delivered 787 sessions for over 1,520 professionals (provider experience); Multiple learning options including Fly-Me-a-Trainer and Flexi","Public course fee: EUR 3,250 (excluding VAT/GST). One-on-one option: EUR 4,250. Classroom pricing available on request. Exam vouchers optional.",Certified Information Systems Security Professional (CISSP) Training,Join Koenig Solutions' best CISSP boot camp and become a Certified Information Systems Security Professional CISSP. Top-notch training to advance your IT career.,Request a Quote,Enroll Now,"ISC2-recognised CISSP credential; CISSP accredited under ANSI ISO/IEC 17024; UK NARIC assessed as Level 7 (master's equivalency); 5.0 rating shown on page; Successfully delivered 787 sessions for over 1,520 professionals",2025-11-14,Security and Risk Management; Asset Security; Security Architecture and Engineering; Communication and Network Security; Identity and Access Management (IAM); Security Assessment and Testing; Security Operations; Software Development Security
https://www.koenig-solutions.com/data-analytics-online-training,DP-600T00: Microsoft Fabric Analytics Engineer,DP-600T00,Microsoft,Microsoft Certified: Fabric Analytics Engineer Associate,32 Hours,Live Online / Classroom / Self-paced (Flexi),Data engineers and analytics professionals; BI developers and data analysts adopting Microsoft Fabric; IT professionals preparing for the DP-600 certification; Engineers and architects building enterprise-scale analytics solutions,Hands-on labs and practical exercises; Instructor-led live online classes and classroom delivery; Flexi self-paced video option; DP-600 exam-aligned curriculum and certification preparation; Guaranteed-to-run public classes and on-request classroom dates; Language option available (French),,"Design, create and deploy enterprise-scale data analytics solutions using Microsoft Fabric; Manage analytical assets including semantic models, data warehouses and lakehouses; Transform and prepare data using Fabric components such as dataflows, pipelines and notebooks; Build reusable analytics assets (lakehouses, semantic models, reports); Collaborate with stakeholders to translate business requirements into analytics solutions","Winner — 2025 Microsoft Training Services Partner of the Year; Happiness Guarantee from Koenig Solutions; Delivered 184 sessions for over 8,572 professionals; Multiple delivery options (Live online, Classroom, Flexi); Guaranteed-to-run public classes and global offices/support","Public price: EUR 1,950. One-on-one (private) price: EUR 2,550. Classroom price: On request. Flexi (self-paced) available - see Flexi page for pricing.",DP-600T00: Microsoft Fabric Analytics Engineer Training,"Master Microsoft Fabric Analytics with Koenig Solutions' DP-600 certification training: gain hands-on skills, boost career growth, and unlock high-salary data engineering roles.",Request a Quote,Enroll Now,"Winner of 2025 Microsoft Training Services Partner of the Year; Official Microsoft partner (Microsoft logo & partnership presence); 5.0 learner rating shown (Google) and 4.7 aggregate rating in schema; Trained 8,572+ professionals (184 sessions); Global presence with offices in India, USA, UK, Australia, UAE, Canada",2025-11-14,"Overview of Microsoft Fabric and Fabric analytics architecture; Designing enterprise-scale analytics solutions; Managing analytical assets: semantic models, data warehouses, lakehouses; Data ingest and transformation: dataflows and data pipelines; Notebook usage and data science workflows in Fabric; Building semantic models and reports; Deploying, monitoring and collaborating with stakeholders; Integrating Fabric with Azure services, AI and machine learning"
https://www.koenig-solutions.com/azure-data-engineer-training,DP-700T00: Microsoft Fabric Data Engineer,DP-700,Microsoft,Implementing Data Engineering Solutions Using Microsoft Fabric (DP-700),32 hours,Online live / Classroom / Self-paced (Flexi) / 1-on-1,Data engineering professionals; Data platform and analytics engineers; BI developers and Power BI users migrating transforms; IT professionals seeking DP-700 certification; Professionals building data solutions on Microsoft Fabric,"Official DP-700 aligned curriculum for Microsoft Fabric; Hands-on labs and real-world scenarios; Study guides, expert tips and practice questions; Flexible learning options: Live online, Classroom, Flexi (self‑paced) and 1-on-1; Guaranteed-to-run public classes and classroom-on-request",,"Design and implement data integration, transformation and storage using Microsoft Fabric; Manage data workflows and orchestration in Microsoft Fabric; Ensure and implement data quality best practices; Leverage advanced analytics tools and integrate with Power BI; Apply skills to real-world data engineering scenarios and prepare for the DP-700 exam",Happiness Guaranteed policy; Koenig Learning Stack inclusion for enrolled learners; Winner — 2025 Microsoft Training Services Partner of the Year (site popup); Guaranteed-to-run public classes and global classroom on request; Flexible buying options including 1-on-1 and Flexi self-paced,"Public course fee: EUR 1,950 · One-on-One price: EUR 2,550 · Classroom: Fee on request · Prices exclude VAT/GST",DP-700 Implementing Data Engineering Solutions Using Microsoft Fabric Training,"Unlock your potential with our DP-700 course on implementing Data Engineering Solutions using Microsoft Fabric. Get expert tips, study guides, and practice questions for success!",Request a Quote,Enroll Now,"Winner of 2025 Microsoft Training Services Partner of the Year; Trained 4,163+ professionals (58 sessions delivered); 5.0 Google rating displayed on page; Global organisation: Koenig Solutions with multiple international offices",2025-08-28,Data integration with Microsoft Fabric; Data transformation and storage patterns in Fabric; Designing and implementing data workflows; Data quality practices and enforcement; Batch and real-time analytics on Microsoft Fabric; Power BI integration and analytics scenarios; Performance considerations and comparisons with Databricks/Snowflake; Exam preparation topics and practice questions for DP-700
https://www.koenig-solutions.com/microsoft-rpa-training,Automation in a Day,,Microsoft,,8 hours,Live Online / Classroom / Self-paced (Flexi),Individuals seeking foundational RPA skills using Microsoft Power Automate; IT professionals and developers who want to automate repetitive desktop tasks; Business users and process analysts aiming to identify automation opportunities,"Hands-on RPA training using Microsoft Power Automate; Practical use of Process Advisor to identify automation opportunities; Build and manage Desktop flows (attended automation); Integration with Outlook, AI Builder and Microsoft Teams; Covers unattended automation and hyperautomation concepts; Live instructor-led sessions plus a Flexi self-paced option; Hands-on labs and real-world scenarios",,"Understand RPA fundamentals and advanced concepts on the Power Automate platform; Identify automation opportunities using Process Advisor; Create, manage and deploy Desktop flows; Integrate automations with Outlook, AI Builder and Teams; Implement unattended automation and hyperautomation strategies; Troubleshoot and resolve common automation errors; Apply learnings through hands-on labs and real-world exercises","Koenig Learning Stack inclusions (coursebook, labs, optional exam vouchers); Happiness Guarantee; Guaranteed-to-Run (GTR) classes; Authorized/partner delivery with Microsoft branding; Winner — 2025 Microsoft Training Services Partner of the Year (site pop-up); Global training locations and support (offices in India, USA, UK, Australia, UAE, Canada); 4.7 average rating (schema.org aggregate rating shown)",Public (live): EUR 650; One-on-One: EUR 850; Classroom: Fee on request; Flexi (self-paced) option available — see provider for Flexi pricing,Automation in a Day Training,Master automation with RPA courses and earn your certification in RPA from Koenig Solutions. Boost your IT career with expert-led training. Enroll now!,Request a Quote,Enroll Now,"Microsoft partner (Microsoft logo on page); Winner — 2025 Microsoft Training Services Partner of the Year; Rated 4.7/5 (500 reviews) in site schema; Koenig Solutions offices in multiple countries (India, USA, UK, Australia, UAE, Canada); Happiness Guarantee",2025-07-17,"RPA fundamentals with Microsoft Power Automate; Process Advisor — discovering automation opportunities; Desktop flows (attended automation) creation and management; Integrating automations with Outlook, AI Builder and Teams; Hyperautomation principles and approaches; Unattended automation and scheduling; Error handling, debugging and troubleshooting automations; Hands-on labs and real-world scenario implementations"
https://www.koenig-solutions.com/architecting-aws-training-course,AWS Certified Solutions Architect - Associate (Architecting on AWS),SAA-C03,Amazon Web Services,AWS Certified Solutions Architect - Associate,24 hours,Live Online / Classroom / 1-on-1,IT professionals with AWS cloud or strong on-premises IT experience; System architects and engineers preparing for the Solutions Architect Associate exam; Developers with basic programming familiarity who want to design cloud solutions,"Hands-on labs aligned with exam objectives; Official curriculum covering core AWS services and architecture best practices; Multiple delivery formats: Live online, Classroom, 1-on-1, Fly-Me-A-Trainer, Flexi; Certified expert instructors with real-world AWS implementation experience; Post-training support and study resources; Happiness Guarantee",Basic understanding of AWS cloud concepts or strong on‑premises IT experience; Familiarity with basic programming concepts recommended,"Design and deploy secure, scalable, cost-optimized AWS solutions; Apply the AWS Well-Architected Framework to build resilient architectures; Work with networking, compute, storage, and database services on AWS; Implement high availability, scalability, monitoring and automation; Understand serverless architectures, containers and edge services; Prepare learners for the AWS Certified Solutions Architect - Associate exam",Koenig Happiness Guarantee; Certified expert instructors with real-world AWS experience; Hands-on labs and practical scenarios mapped to exam domains; Multiple global delivery options including Fly‑Me‑A‑Trainer and 1‑on‑1; Guaranteed-to-run public classes and global classroom locations; Post-training study support and resources,"Public price: EUR 1,650 (excluding VAT/GST). 1-on-1 price: EUR 2,150. Classroom: Price on request. Exam voucher optional (approx. EUR 150).",AWS Certified Solutions Architect - Associate (Architecting on AWS) Training,Accelerate your IT career with Koenig Solutions' Advanced Architecting on AWS Training & AWS Certification. Master cloud architecture skills for top industry roles.,Request a Quote,Enroll Now,"Amazon Authorized partner (logo displayed); Established 1993; Happiness Guarantee; Successfully delivered 602 sessions to over 5,663 professionals; Google rating displayed as 5.0; Certified expert instructors",2025-11-14,"Networking on AWS; Compute services (EC2, Auto Scaling, etc.); Storage services (S3, EBS, etc.); Database services; Design for high availability (HA); Scalability and elasticity; Monitoring and observability; Automation and infrastructure as code; Serverless architecture; Containers and orchestration; Edge services; AWS Well-Architected Framework; Exam preparation and practice labs"
https://www.koenig-solutions.com/dashboard-in-a-day-language-course,Power BI Dashboard in a Day,PL-300,Microsoft,,1 day (8 hours),Online live / Classroom / Self-paced eLearning,"Business analysts and data analysts; Report authors and BI developers; Managers and decision-makers who need interactive dashboards; Professionals new to Power BI seeking rapid, practical skills","One-day intensive workshop (Dashboard in a Day); Hands-on labs using real-world datasets; Covers data preparation, modeling, visualization and publishing; Microsoft-aligned content and enterprise scenarios; Flexible delivery: live-online, classroom, or self-paced (Flexi); Optional exam voucher available",,Access and prepare/import/clean data for analysis; Create data models and define relationships; Build compelling visualizations and interactive reports; Publish reports and configure secure access; Assemble dashboards and share them for collaborative decision-making; Hands-on labs to apply concepts in realistic scenarios,"Delivered by Koenig Solutions with 30+ years of training experience (since 1993); Exclusive/official Microsoft partnership and up-to-date Power BI scenarios; Industry-focused, hands-on labs and enterprise examples; Happiness Guarantee for learners; Guaranteed-to-run public classes and flexible booking options",Public: EUR 650; One-on-One: EUR 850; Optional exam voucher approx. EUR 150; Classroom fee on request; Flexi (self-paced) available — contact for pricing,Power BI Dashboard in a Day Training,Elevate your data skills with Koenig Solutions' Dashboard in a Day courses for Power BI and Microsoft. Master interactive dashboards in just one day. Enroll now!,Request a Quote,Enroll Now,Winner — 2025 Microsoft Training Services Partner of the Year; Official/exclusive partnership with Microsoft; 30+ years of training experience (since 1993); 5.0 Google rating shown on page; Happiness Guaranteed; Delivered 21 sessions for over 137 professionals (site claim),2025-10-10,Introduction to Power BI; Accessing and preparing data (importing/cleaning); Data modeling and exploration; Creating visualizations and interactive reports; Publishing reports and controlling access; Building dashboards and sharing; Hands-on labs and real-world scenarios
https://www.koenig-solutions.com/app-in-a-day-language-course,App in a Day,,Microsoft,,8 hours,Online live / Classroom / Self-paced (Flexi) / 1-on-1,Business users and citizen developers who want to build apps with low-code; IT professionals seeking Power Platform skills; Power Platform makers and solution authors; Project owners and digital transformation stakeholders,"One‑day, instructor‑led hands‑on workshop; Covers Power Apps (Canvas and Model‑driven), Microsoft Dataverse and Power Automate; Focus on no‑code / low‑code app development; Live labs and real‑world scenarios; Flexible delivery: public, classroom, self‑paced (Flexi) and 1‑on‑1; Downloadable course content PDF available",,Create user‑friendly Canvas apps using Power Apps; Model and manage business data with Microsoft Dataverse; Build Model‑driven applications for scalable solutions; Automate workflows and business processes with Power Automate; Understand low‑code development best practices and next steps,Koenig Solutions — experienced Microsoft training provider; Happiness Guaranteed policy; Awarded Microsoft Training Services Partner of the Year (2025); Guaranteed‑to‑run classes and multiple delivery options (1‑on‑1 / Flexi); Global presence with local support and multiple country offices,Public (live online): 650 EUR; One‑on‑one: 850 EUR; Classroom: Price on request. (Excludes VAT/GST),App in a Day Training,Master Microsoft app certification with Koenig Solutions. Become proficient in a day with our expert-led courses. Boost your career today!,Request a Quote,Download Course Contents,Winner: Microsoft Training Services Partner of the Year 2025; Official Microsoft partner (course vendor: Microsoft); Aggregate rating 4.7 (rating count: 500); Happiness Guaranteed,2025-01-29,"Introduction and course overview; Power Apps — Canvas apps (controls, UI design); Data sources and integrations for Canvas apps; Microsoft Dataverse — data modelling and management; Power Apps — Model‑driven applications; Power Automate — workflows and business process automation; Low‑code solution design and deployment; Course wrap‑up and next steps / best practices"
https://www.koenig-solutions.com/vmware-vsphere-install-configure-manage-8-training,"VMware vSphere: Install, Configure, Manage [V8]",2V0-21.20,VMware,,40 hours,Online live / Classroom / 1-on-1,System administrators; IT professionals responsible for virtualization and vSphere infrastructure; Engineers deploying and managing data centre virtualization,"Hands-on labs and practical exercises with vSphere 8; Covers ESXi hypervisor and vCenter Server administration; Covers vSphere Lifecycle Manager and vSphere Client; Installation methods: interactive, scripted (kickstart), Auto Deploy and UEFI boot; Focus on storage, networking, clusters, resource management and lifecycle maintenance",,"Install and configure VMware ESXi and vCenter Server (vSphere 8); Create and manage virtual machines and vSphere clusters; Configure storage and networking for vSphere environments; Use vSphere Lifecycle Manager to manage host lifecycle and updates; Perform resource management, security hardening, authentication integration, backup and monitoring","Happiness Guaranteed policy; Guaranteed-to-Run (GTR) classes; Delivered 164 sessions for over 649 professionals (provider-specific claim); Flexible learning options: Live Online, Classroom, 1-on-1, Flexi",Fee On Request — contact Koenig Solutions for pricing,"VMware vSphere: Install, Configure, Manage [V8] Training",Boost your IT career with VMware vSphere and VMware 7.0 Certification at Koenig Solutions. Enroll now for top-notch training and expert guidance to succeed.,Request a Quote,Download Course Contents,"Koenig Solutions (organization) - aggregate rating 4.7 (500 reviews) in page schema; Successfully delivered 164 sessions for over 649 professionals; Displayed Google rating 5.0 on page; Global training locations (India, USA, UK, Australia, UAE, Canada)",2025-10-27,"Virtualization concepts and vSphere overview; ESXi hypervisor architecture and installation; vCenter Server features and deployment; vSphere Client usage; vSphere Lifecycle Manager; Installation methods: interactive, scripted (kickstart), Auto Deploy, UEFI boot; Pre-installation validation: hardware compatibility, network and storage assessment; Installation execution and creating bootable media; Post-installation configuration: networking and security hardening; Authentication integration and backup/monitoring setup; Creation and management of virtual machines; vSphere clusters and resource management; Storage configuration and management; vSphere networking configuration; Maintaining the vSphere lifecycle and updates"
https://www.koenig-solutions.com/sc-200-exam-training,SC-200T00: Microsoft Security Operations Analyst,SC-200T00,Microsoft,Microsoft Security Operations Analyst (SC-200),32 hours,Live Online / Classroom / Self-paced (Flexi) / 1-on-1,Security operations professionals; SOC analysts and incident responders; Threat hunters and security engineers; IT professionals working with Microsoft security tools,"Hands-on labs and practical exercises; Covers Microsoft Sentinel, Microsoft 365 Defender and Azure Defender; Official SC-200T00 curriculum aligned with the SC-200 exam; Multiple delivery options: public live, classroom, flexi self-paced and 1-on-1; Language option available (e.g., Portuguese); Guaranteed-to-run classes",,"Mitigate threats using Microsoft Sentinel, Microsoft 365 Defender and Azure Defender; Protect, detect, respond to and hunt cybersecurity threats across Microsoft environments; Prepare for the SC-200 exam and the Microsoft Security Operations Analyst role; Rapidly remediate active attacks and advise stakeholders on threat protection improvements; Implement detection rules, analytics, workbooks and automated response playbooks","Koenig Solutions delivered 263 sessions for over 3,394 professionals; Winner of 2025 Microsoft Training Services Partner of the Year Award (site popup); Happiness Guaranteed policy; Multiple flexible delivery options including 1-on-1 and Fly-Me-a-Trainer; Global presence with training locations and local support","Public (Live Online): EUR 1,950; 1-on-1: EUR 2,550; Classroom: Price on request. Exam voucher optional. Prices exclude VAT/GST.",SC-200T00: Microsoft Security Operations Analyst Training,"Discover the SC-200T00 Microsoft Security Operations Analyst course: master threat mitigation with Microsoft Sentinel, Defender, and 365 for a thriving cybersecurity career.",Request a Quote,Enroll Now,"Winner of 2025 Microsoft Training Services Partner of the Year Award; Successfully delivered 263 sessions for over 3,394 professionals; Aggregate rating 4.7/5 (500 reviews, schema.org); Global organisation with offices in India, USA, UK, Australia, UAE, Canada",2025-11-06,"Introduction to Microsoft security stack and SC-200 objectives; Microsoft Sentinel: data collection, workbooks, analytics and hunting; Microsoft 365 Defender: protection and incident investigation; Azure Defender / Defender for Cloud integration and alerts; Threat detection, hunting methodologies and query authoring; Incident response, investigation and remediation workflows; Configuring detections, playbooks and automated response; Integrating data sources and threat intelligence; Monitoring, alert tuning and reducing organizational risk; Preparing for the SC-200 exam"